Company,Position,Date Applied,Status,Notes
Accella,Data Management,2026-09-24,Interviewing,"https://www.jobthai.com/th/job/1963074

รอสัมภาษณ์ 1 ตค 4 โมงเย็น"
BE Consulting,Database Support,2026-09-29,Applied,"พี่เบ้ (Bay) ใน LINE 

รอ สัมภาษณ์"
Playtorium,Data Engineer,2026-09-24,Applied,"https://playsmart.playtorium.co.th/candidates/examination

รอ ทำ Exam 1 OCT"
เอชที ไทย เวนเจอร์ จำกัด,Bakery Staff,2026-09-29,Interviewing,https://www.jobbkk.com/jobs/detailurgent/245560/1383501 วันที่ 1 ตค 10 โมง
เอชที ไทย เวนเจอร์ จำกัด,Barista Staff ,2026-09-29,Applied,https://www.jobbkk.com/jobs/detail/245560/1383500
เซ็นทรัล รีเทล คอร์ปอเรชั่น จำกัด,Demi Chef,2026-09-27,Rejected,เต็ม
เอมธรรม จำกัด,Chef de Partied,2026-09-27,Rejected,เต็ม
รักษาความปลอดภัย กรุงไทยธุรกิจบริการ จำกัด,Data Engineer,2026-09-29,Applied,https://www.jobbkk.com/jobs/detailurgent/51781/1390111
อะแมส คอร์ปอเรชั่น (ประเทศไทย) จำกัด,Data Engineer,2026-09-29,Applied,https://www.jobbkk.com/jobs/detail/207342/1382261
 บี เอ็น เอ็น เรสเตอรองท์ กรุ๊ป จำกัด,Data Analyst,2026-09-07,Rejected,ไม่ผ่าน
 บี เอ็น เอ็น เรสเตอรองท์ กรุ๊ป จำกัด,Data Engineer,2026-09-07,Rejected,ไม่ตอบรับ
บุญรอดบริวเวอรี่ จำกัด และบริษัทในเครือ,Database Administrator,2026-09-29,Applied,https://www.jobthai.com/th/job/1921108
 Aware Group,Data Engineer,2026-09-29,Applied,https://www.jobthai.com/th/job/1826899
"Lief Capital Asset Management Co., Ltd.",Data Science,2026-09-29,Applied,https://www.jobthai.com/th/job/1584351
ดีพลัส อินเตอร์เทรด จำกัด,Data Engineer,2026-09-29,Applied,https://www.jobthai.com/th/job/1807261
"Kaopanwa Co.,Ltd",IT Project Coordinator,2026-09-29,Applied,
Charoensin Group,Project coordinator,2026-09-29,Applied,
Internet Thailand Public Company Limited,Project Coordinator,2026-09-29,Applied,
"Forth Corporation (Public) Co., Ltd.",Junior IT Consultant,2026-09-29,Applied,
"Reliance Co., Ltd.",Junior Project Manager,2026-09-29,Applied,https://th.jobsdb.com/th/job/94810645?ref=applied
Ngern Tid Lor Public Company Limited,IT Project Manager,2026-09-29,Applied,https://th.jobsdb.com/th/job/94565708?ref=applied
WISE VARY COMPANY LIMITED ,Project Coordinator,2026-09-29,Applied,https://th.jobsdb.com/th/expiredjob/94264766?ref=applied
"Professional Computer Co., Ltd.",Project Management Officer,2026-09-29,Applied,https://th.jobsdb.com/th/job/94771752?ref=applied
Boonrawd Supply Chain Company,Data Analyst,2026-09-29,Applied,https://th.jobsdb.com/th/job/94921628?ref=applied
"N Infinite Co.,Ltd.",Data Admin/ Operation support ,2026-09-24,Applied,https://th.jobsdb.com/th/job/94854068?tracking=TMC-AppViewed-asia-3-jobapplied
Jaymart Group,Data Analyst,2026-09-30,Applied,Linkedin
CJ MORE,Data Analyst,2026-09-30,Applied,Linkedin
4Plus Consulting,Junior Data Engineer,2026-09-30,Applied,Facebook
TIGER JEWELLERY MANUFACTURING,Data analysis,2026-09-30,Applied,Facebook
Partilon,Junior Technical Consultant — Enterprise Integration & Data Management,2026-09-30,Applied,Facebook
"Thai Insurance Research and Development Co., Ltd.",BI Specialist,2026-09-30,Applied,https://th.jobsdb.com/th/job/94803996?ref=recom-homepage&origin=showNewTab&pos=1#sol=5278a26bcf218d590f2fa4533486364d1d5eabb2
"Pinnacle Brokerage Co., Ltd.",Business Analyst / Data Analyst,2026-09-30,Applied,https://th.jobsdb.com/th/job/94936336?type=standard&ref=search-standalone&origin=cardTitle#sol=d1e8c73076f817a890654fe80cb994662247ba94
ATA IT,Junior Application Analyst ,2026-09-30,Applied,https://th.jobsdb.com/th/job/94964808?type=standard&ref=search-standalone&origin=cardTitle#sol=62f9c1a09b243d0d3e531c37d2ba35d042202217
"Advanced Research Group Co., Ltd.",Data Engineer,2026-09-30,Applied,https://th.jobsdb.com/th/job/94580247?type=standard&ref=search-standalone&origin=cardTitle#sol=f5ccb095ce644a3a0565e4613a884f67aba38b25
Bangkok Bank Public Company Limited,Project Coordinator (IT Healthcare Project),2026-09-30,Applied,https://th.jobsdb.com/th/job/94969733?type=standard&ref=search-standalone&origin=jobCard#sol=094406fb50a51c76a002961b9f54b44583e398c7
"VT Solution Co., Ltd.",Project Coordinator (Thai - English),2026-09-30,Applied,https://th.jobsdb.com/th/job/94975600?type=standard&ref=search-standalone&origin=cardTitle#sol=c815d0d079b2737776a74bb69951afeb70161043
"Rende Development Co., Ltd.",Event Project Coordinator ,2026-09-30,Applied,https://th.jobsdb.com/th/job/94643832?type=standard&ref=search-standalone&origin=cardTitle#sol=0828377e5e1855711ee6902b6456e9297c8e48da
ซีทีโอ โซลูชั่น จำกัด,Business Analyst,2026-09-30,Applied,https://www.jobbkk.com/jobs/detail/196728/1327083?source=job_recommend
ซีทีโอ โซลูชั่น จำกัด,Project Manager (Implement/Maintain ISO & IT Disaster Recovery Exercise),2026-09-30,Applied,https://www.jobbkk.com/jobs/detailurgent/196728/1392420
Teethtalk Dental Clinic,AI Engineer,2026-09-30,Applied,https://www.jobthai.com/th/job/1964076
สยามยีเอสเซลส์ จำกัด,Data Analyst,2026-09-30,Applied,https://www.jobthai.com/th/job/1966976
บริหารสินทรัพย์ กรุงเทพพาณิชย์ จำกัด (มหาชน),IT Project Management Officer / Junior PMO,2026-09-30,Applied,https://www.jobthai.com/th/job/1959354
"Digital Dialogue Co., Ltd.",Project Coordinator,2026-09-30,Applied,https://www.jobthai.com/th/job/1207270
อินโฟล แอคเคาน์ติ้ง จำกัด,Project Coordinator,2026-09-30,Applied,https://www.jobthai.com/th/job/1881771
เทโร ดิจิทัล จำกัด,Project Coordinator,2026-09-30,Applied,https://www.jobthai.com/th/job/1817750
Nipa Technology,Project Coordinator,2026-09-30,Applied,https://www.jobthai.com/th/job/1961388
"Tech Soft Holding Co., Ltd.",Junior Database Administrator,2026-09-30,Applied,https://www.jobthai.com/th/job/1966583
ดี ไฟน์ ไนซ์ จำกัด,Data Analyst,2026-09-30,Applied,https://www.jobtopgun.com/th/jobs/j179959-24
กองทุนเพื่อความเสมอภาคทางการศึกษา,Data Analyst,2026-09-30,Applied,https://www.jobtopgun.com/th/jobs/j241800-77
